id;name;address;contact;date
1;Assistant;Market;80068;2021-06-04T14:56:17
2;orchid;User-friendly Concrete;30527;2021-06-05T00:29:07
3;empower auxiliary experiences;Sahara;52419;2021-06-04T18:59:55
4;alarm multi-byte;Chile Extended;77288;2021-06-04T15:46:20
5;Directives Soft Implementation;partnerships Uzbekistan intelligence;76676;2021-06-05T05:45:35
6;California;bluetooth secondary;25113;2021-06-05T00:47:36
7;Tennessee Handmade violet;primary;59260;2021-06-04T15:15:08
8;Peso;synthesize Lilangeni initiatives;20939;2021-06-04T09:43:10
9;redundant;invoice Tuna Pine;56359;2021-06-04T18:43:35
10;Court Loan Rustic;application;82424;2021-06-05T04:24:49
