id;name;image;image_content_type
1;Steel;../fake-data/blob/hipster.png;image/png
2;Assistant;../fake-data/blob/hipster.png;image/png
3;cross-platform Principal;../fake-data/blob/hipster.png;image/png
4;wireless Computer;../fake-data/blob/hipster.png;image/png
5;reboot magenta THX;../fake-data/blob/hipster.png;image/png
6;THX;../fake-data/blob/hipster.png;image/png
7;Centers Metal navigating;../fake-data/blob/hipster.png;image/png
8;partnerships Infrastructure;../fake-data/blob/hipster.png;image/png
9;transmitting New Bedfordshire;../fake-data/blob/hipster.png;image/png
10;Malagasy intranet;../fake-data/blob/hipster.png;image/png
